Context,Question,Answer,source_type,company_id,incident,tags,followup_questions
การใช้บริการ Salary Hero มีเวลาทำการ,เบิกเงินได้กี่โมงถึงกี่โมง,"สามารถเบิกเงินได้ตลอด 24 ชั่วโมง ทุกวันไม่เว้นวันหยุด แต่ในวันสุดท้ายของรอบที่อนุญาตให้เบิก (วันที่ 15 สำหรับรอบ 16-15 และวันที่ 20 สำหรับรอบ 21-20, 26-25) จะสามารถเบิกได้เฉพาะถึง 16:00 น. เท่านั้น",FAQ,salary_hero,operating_hours,24ชั่วโมง;วันสุดท้าย;16:00,ทำไมวันสุดท้ายต้องปิดเร็ว?;หากเบิกหลัง 16:00 ในวันสุดท้ายจะเป็นอย่างไร?
Salary Hero เป็นบริการเบิกค่าจ้างล่วงหน้าที่ให้พนักงานสามารถเบิกเงินเดือนที่ทำงานแล้วก่อนวันจ่ายเงินเดือนจริง มีเงื่อนไขและกฎเกณฑ์ในการใช้งาน,เงื่อนไขการเบิกค่าจ้างล่วงหน้ากับ Salary Hero มีอะไรบ้าง,"เงื่อนไขการเบิกค่าจ้างล่วงหน้ากับ Salary Hero มีดังนี้:
1. เบิกเงินได้ตลอด 24 ชั่วโมง ไม่เว้นวันหยุด
2. วันสุดท้ายเบิกได้ถึง 16:00 น.
3. รับเงินผ่านบัญชีเงินเดือน
4. รับเงินภายใน 24 ชั่วโมง
5. เบิกได้สูงสุด 5 ครั้งต่อรอบการเบิก
6. ต้องมีอายุงานครบ 7 วัน จึงจะใช้บริการได้
7. เบิกขั้นต่ำ 500 บาทต่อครั้ง
8. สามารถเบิกเงินล่วงหน้าได้สูงสุด 50% ของวันทำงานจริง แต่ไม่เกิน 25,000 บาทต่อรอบค่าจ้าง",FAQ,salary_hero,general,เงื่อนไข;การเบิก;ข้อกำหนด,สามารถเบิกได้กี่ครั้งต่อเดือน?;เบิกขั้นต่ำเท่าไหร่?;เบิกสูงสุดเท่าไหร่?
พนักงานมีรอบการจ่ายเงินเดือนที่แตกต่างกัน จึงมีช่วงเวลาที่สามารถเบิกได้แตกต่างกันตามรอบเงินเดือน,พนักงานรอบเงินเดือนวันที่ 16-15 เบิกได้เมื่อไหร่,พนักงานรอบเงินเดือนวันที่ 16-15 ของทุกเดือน สามารถเบิกได้วันที่ 23-15 ของทุกเดือน และเบิกได้สูงสุด 5 ครั้งต่อเดือน,FAQ,salary_hero,payroll_cycle,รอบเงินเดือน;16-15;การเบิก,พนักงานรอบเงินเดือนแบบอื่นเบิกได้เมื่อไหร่?;การคำนวณยอดเงินเป็นอย่างไร?
พนักงานมีรอบการจ่ายเงินเดือนที่แตกต่างกัน จึงมีช่วงเวลาที่สามารถเบิกได้แตกต่างกันตามรอบเงินเดือน,พนักงานรอบเงินเดือนวันที่ 21-20 และ 26-25 เบิกได้เมื่อไหร่,พนักงานรอบเงินเดือนวันที่ 21-20 และ 26-25 ของทุกเดือน สามารถเบิกได้วันที่ 1-20 ของทุกเดือน และเบิกได้สูงสุด 5 ครั้งต่อเดือน,FAQ,salary_hero,payroll_cycle,รอบเงินเดือน;21-20;26-25;การเบิก,รอบเงินเดือนวันที่ 16-15 เบิกได้เมื่อไหร่?;เบิกได้กี่ครั้งต่อเดือน?
การคำนวณยอดเงินที่เบิกได้จะขึ้นอยู่กับจำนวนวันทำงานและค่าจ้างต่อวัน โดยยอดจะเพิ่มขึ้นตามการบันทึกเวลาทำงาน,ยอดเงินที่สามารถเบิกได้คำนวณอย่างไร,ยอดเงินที่สามารถเบิกได้จะคำนวณมาจากค่าจ้างหลังหักเงินประจำเดือนต่างๆ เช่น ประกันสังคม ภาษี เป็นต้น และไม่รวม OT โดยยอดเงินเพิ่มขึ้นตามการบันทึกวัน-เวลาทำงานผ่านเครื่องบันทึกเวลาที่บริษัทกำหนด (ประจำสาขาหรือออนไลน์) และสามารถเบิกได้สูงสุด 50% ของวันทำงานจริง,FAQ,salary_hero,calculation,การคำนวณ;ยอดเงิน;เบิก,OT รวมในการคำนวณไหม?;ประกันสังคมหักหรือไม่?;เบิกได้เท่าไหร่สูงสุด?
เมื่อพนักงานทำรายการเบิกเงินแล้ว เงินจะเข้าบัญชีตามระยะเวลาที่กำหนด,ยอดเงินเข้าตอนไหน เบิกแล้วทำไมไม่เข้า,ยอดเงินจะเข้าภายใน 24 ชั่วโมงหลังจากทำรายการ หากเกินกว่า 24 ชั่วโมงไปแล้วยังไม่ได้รับเงินโอน รบกวนแจ้งแอดมินอีกครั้งเพื่อทำการตรวจสอบเพิ่มเติมให้นะคะ,FAQ,salary_hero,payment_timing,การโอนเงิน;24ชั่วโมง;ไม่เข้า,หากเงินไม่เข้าเกิน 24 ชั่วโมงต้องทำอย่างไร?;ติดต่อแอดมินอย่างไร?
บริการ Salary Hero สามารถใช้งานได้ทุกวัน ไม่มีข้อจำกัดเรื่องวันหยุด,เบิกเงินได้วันไหนบ้าง วันหยุดเบิกได้ไหม,สามารถขอเบิกได้ตลอด 24 ชั่วโมง ไม่เว้นวันเสาร์อาทิตย์และวันหยุดนักขัตฤกษ์ค่ะ แต่วันสุดท้ายเบิกได้ถึง 16:00 น.,FAQ,salary_hero,working_days,วันหยุด;เสาร์อาทิตย์;นักขัตฤกษ์,เบิกได้ถึงกี่โมง?;มีข้อจำกัดเวลาไหม?
แต่ละรอบเงินเดือนจะมีช่วงเวลาที่สามารถเบิกได้แตกต่างกัน,เบิกได้ถึงวันที่เท่าไหร่,"1. พนักงานรอบเงินเดือนวันที่ 16-15 เบิกได้วันที่ 23 ถึง 15 ของทุกเดือน ได้สูงสุด 5 ครั้งต่อเดือน
2. พนักงานรอบเงินเดือนวันที่ 21-20 และ 26-25 เบิกได้วันที่ 1 ถึง 20 ของทุกเดือน ได้สูงสุด 5 ครั้งต่อเดือน",FAQ,salary_hero,withdrawal_period,ช่วงเบิก;รอบเงินเดือน;วันที่,รอบเงินเดือนของฉันคือแบบไหน?;เบิกได้กี่ครั้งต่อเดือน?
มีข้อจำกัดจำนวนครั้งในการเบิกต่อเดือน,เบิกได้กี่ครั้ง,ได้สูงสุด 5 ครั้งต่อเดือน,FAQ,salary_hero,frequency_limit,จำนวนครั้ง;5ครั้ง;ต่อเดือน,หากเบิกครบ 5 ครั้งแล้วจะเบิกเพิ่มได้ไหม?;จำนวนครั้งรีเซ็ตเมื่อไหร่?
มีข้อจำกัดจำนวนเงินสูงสุดที่สามารถเบิกได้,เบิกได้สูงสุดเท่าไหร่,"สามารถเบิกเงินล่วงหน้าได้สูงสุด 50% ของวันทำงานจริง แต่ไม่เกิน 25,000 บาทต่อรอบค่าจ้าง",FAQ,salary_hero,maximum_amount,สูงสุด;50%;25000บาท,"วันทำงานจริงคำนวณอย่างไร?;หากค่าจ้างสูงกว่า 50,000 เบิกได้เท่าไหร่?"
มีจำนวนเงินขั้นต่ำในการเบิกแต่ละครั้ง,เบิกขั้นต่ำเท่าไหร่,เบิกขั้นต่ำ 500 บาทต่อครั้ง,FAQ,salary_hero,minimum_amount,ขั้นต่ำ;500บาท;ต่อครั้ง,สามารถเบิกต่ำกว่า 500 บาทได้ไหม?;ทำไมต้องมีขั้นต่ำ?
พนักงานใหม่ต้องมีอายุงานครบตามเงื่อนไขจึงจะใช้บริการได้,ทำงานกี่วันถึงใช้งานได้,พนักงานต้องอายุงานครบ 7 วัน จึงจะสามารถใช้บริการได้,FAQ,salary_hero,eligibility,อายุงาน;7วัน;พนักงานใหม่,นับ 7 วันจากวันไหน?;วันหยุดนับรวมไหม?
การชำระคืนเงินที่เบิกจะทำโดยการหักจากเงินเดือนรอบถัดไป,หักเงินคืนอย่างไร,ค่าจ้างที่พนักงานขอเบิกล่วงหน้าจะถูกหักออกจากเงินเดือนในรอบการจ่ายค่าจ้างนั้น ๆ โดยไม่มีดอกเบี้ย และไม่สามารถผ่อนชำระได้ ยอดเงินที่พนักงานทำรายการเบิกในรอบเดือนนั้น หลังจากตัดรอบแล้ว ทีมงานจะส่งรายงานไปให้ฝ่ายบุคคล เพื่อดำเนินการหักออกจากเงินเดือนพนักงานในรอบถัดไปครับ,FAQ,salary_hero,repayment,การหัก;เงินเดือน;ชำระคืน,มีดอกเบี้ยไหม?;สามารถผ่อนชำระได้ไหม?
การชำระคืนเงินที่เบิกจะทำโดยการหักจากเงินเดือนโดยไม่มีดอกเบี้ย,เรียกเก็บเงินคืนยังไง ชำระคืนยังไง,ค่าจ้างที่ขอเบิกล่วงหน้าจะถูกหักออกจากค่าจ้างที่จะได้รับในรอบการจ่ายค่าจ้างนั้น ๆ โดยไม่มีดอกเบี้ย และไม่สามารถผ่อนชำระได้ค่ะ ยอดเงินที่พนักงานทำรายการขอเบิกไปในรอบเดือนนั้นๆ หลังจากที่ตัดรอบไปแล้วทางทีมจะส่งรายงานการเข้าใช้งานไปให้ทางฝ่ายบุคคล เพื่อหักกับเงินเดือนพนักงานที่ขอเบิกเข้ามาในรอบนั้นๆนะคะ,FAQ,salary_hero,collection_process,การเรียกเก็บ;ไม่มีดอกเบี้ย;ฝ่ายบุคคล,รายงานส่งให้ฝ่ายบุคคลเมื่อไหร่?;หากไม่พอหักจากเงินเดือนจะเป็นอย่างไร?
พนักงานใหม่ต้องรอให้ข้อมูลเข้าระบบก่อนจึงจะใช้งานได้,พนักงานใหม่เบิกได้ไหม,หากเป็นพนักงานใหม่ต้องมีอายุงานครบ 7 วัน จึงจะสามารถใช้บริการ Salary Hero ได้,FAQ,salary_hero,new_employee,พนักงานใหม่;1อาทิตย์;ผู้จัดการสาขา,ผู้จัดการสาขาต้องทำอะไรบ้าง?;หากเกิน 1 อาทิตย์แล้วยังใช้ไม่ได้ต้องทำอย่างไร?
การลางานแบบต่างๆ อาจส่งผลต่อการเบิกเงิน,ลางานเบิกได้ไหม,กรณีลาแบบรับค่าจ้าง ยังได้รับเงินเบิกตามปกติค่ะ,FAQ,salary_hero,leave_policy,ลางาน;รับค่าจ้าง;ตามปกติ,ลาป่วยได้เงินเบิกไหม?;ลาพักร้อนได้เงินเบิกไหม?;ลาไม่รับค่าจ้างเป็นอย่างไร?
หากมีปัญหาในการเข้าใช้งานต้องให้ข้อมูลเพื่อตรวจสอบ,เข้าใช้งานไม่ได้ ลงทะเบียนไม่ได้,รบกวนพนักงานตรวจสอบว่ามีอายุงานครบ 7 วันแล้วหรือยังค่ะ,FAQ,salary_hero,login_issues,เข้าใช้งานไม่ได้;ข้อมูลส่วนตัว;7วัน,ติดต่อแอดมินอย่างไร?;หากข้อมูลครบแล้วยังเข้าไม่ได้ต้องทำอย่างไร?
หากยอดเงินไม่แสดงหรือไม่อัปเดตให้ตรวจสอบขั้นตอนต่างๆ,ไม่มียอดเงินเบิก เงินเบิกไม่ขึ้น ไม่มีเงิน เงินไม่ขึ้น,หากยอดเงินไม่อัปเดต เบื้องต้นรบกวนพนักงานตรวจสอบดังนี้ค่ะ 1. ผู้จัดการสาขาตั้งกะแล้วแต่ยังไม่ได้นำขึ้นออนไลน์บนระบบ 2. พนักงานยังไม่ได้บันทึกเข้า-ออกงานหรือบันทึกไม่ครบ 3. ข้อมูลวันทำงานยังไม่ได้อัปเดตเข้าระบบ ยอดเงินที่พนักงานสามารถเบิกได้อาจต้องใช้เวลาในการอัปเดตข้อมูล 1-2 วัน,FAQ,salary_hero,balance_issues,ยอดไม่ขึ้น;ตั้งกะ;บันทึกเข้าออก,ผู้จัดการสาขายังไม่ตั้งกะต้องทำอย่างไร?;รอข้อมูลอัปเดตนานแค่ไหน?
หลังจากหัวหน้าตั้งกะแล้วยอดเงินต้องรอเวลาในการอัปเดต,หัวหน้าตั้งกะงานให้แล้วแต่ยอดไม่ขึ้น,หลังหัวหน้าตั้งกะงาน และพนักงานบันทึกเข้าออกงานแล้ว รบกวนรอยอดอัปเดตย้อนหลัง 1-2 วันนะคะ,FAQ,salary_hero,shift_setup,ตั้งกะแล้ว;รอยอด;1-2วัน,หากรอเกิน 2 วันแล้วยังไม่ขึ้นต้องทำอย่างไร?;ทำไมต้องรอ 1-2 วัน?
ตัวอย่างการคำนวณยอดเงินที่เบิกได้สำหรับพนักงานรอบ 16-15 แสดงให้เห็นถึงวิธีการคำนวณรายวัน,ยอดเงินคำนวณตามตัวอย่างที่ให้มาอย่างไร,"ตามตัวอย่างที่ให้มา พนักงานมีค่าจ้าง 500 บาทต่อวัน เริ่มต้นเบิกได้วันที่ 23 กันยายน (วันแรกที่เบิกได้) ด้วยยอด 1,750 บาท (50% ของค่าจ้างสะสม 3,500 บาท) ยอดเงินจะเพิ่มขึ้นตามวันทำงานจริงที่บันทึกผ่านเครื่องบันทึกเวลา โดยในวันหยุดยอดจะไม่เปลี่ยนแปลง",FAQ,salary_hero,calculation_example,ตัวอย่าง;500บาทต่อวัน;1750บาท,"ทำไมเริ่มเบิกได้ 1,750 บาท?;วันหยุดยอดเปลี่ยนไหม?;เครื่องบันทึกเวลาคืออะไร?"
การบันทึกเข้าออกงานเป็นสิ่งสำคัญต่อการคำนวณยอดเงินที่เบิกได้,ต้องบันทึกเข้าออกงานผ่านอะไร,ต้องมีการลงบันทึกเข้าออกงานผ่านเครื่องบันทึกเวลาที่บริษัทกำหนด ซึ่งอาจจะเป็นเครื่องบันทึกประจำสาขาหรือระบบออนไลน์ ยอดเงินจะเพิ่มขึ้นตามการบันทึกนี้และรอข้อมูลอัปเดตย้อนหลัง 1-2 วัน,FAQ,salary_hero,time_recording,บันทึกเข้าออก;เครื่องบันทึกเวลา;ออนไลน์,หากลืมบันทึกเข้าออกงานจะเป็นอย่างไร?;สามารถแก้ไขการบันทึกได้ไหม?
ระบบมีข้อจำกัดเวลาในการทำรายการเบิกเงิน,เบิกเงินได้ถึงกี่โมง,เบิกได้ตลอด 24 ชั่วโมง แต่วันสุดท้ายสามารถเบิกเงินได้ถึง 16:00 น. ที่อนุญาตให้เบิกตามรอบเงินเดือนของแต่ละคน,FAQ,salary_hero,cutoff_time,16:00;วันสุดท้าย;เวลาจำกัด,หากเบิกหลัง 16:00 จะเป็นอย่างไร?;เวลา 16:00 หมายถึงเวลาไหน?
การรับเงินจะเข้าผ่านบัญชีเงินเดือนของพนักงาน,เงินเข้าบัญชีไหน,รับเงินผ่านบัญชีเงินเดือนที่บริษัทจ่ายค่าจ้างให้ปกติ ภายใน 24 ชั่วโมงหลังจากทำรายการเบิก,FAQ,salary_hero,account_info,บัญชีเงินเดือน;24ชั่วโมง;รับเงิน,สามารถเปลี่ยนบัญชีได้ไหม?;หากบัญชีมีปัญหาจะเป็นอย่างไร?
สถานะการทำงานต่างๆ อาจส่งผลต่อการคำนวณยอดเบิก,ลาป่วยได้เงินเบิกไหม,หากเป็นการลาป่วยแบบที่ยังได้รับค่าจ้าง จะยังสามารถได้รับเงินเบิกตามปกติ แต่หากเป็นลาแบบไม่ได้รับค่าจ้าง ยอดเงินเบิกจะไม่เพิ่มขึ้นในวันที่ลา,FAQ,salary_hero,sick_leave,ลาป่วย;ได้ค่าจ้าง;ไม่ได้ค่าจ้าง,ลาป่วยแบบไหนได้ค่าจ้าง?;ลาไม่ได้ค่าจ้างกี่วันยอดจะลด?
ค่าล่วงเวลาไม่รวมในการคำนวณยอดเบิก,OT รวมในการคำนวณยอดเบิกไหม,ค่าล่วงเวลา (OT) ไม่รวมในการคำนวณยอดเงินที่สามารถเบิกได้ ระบบจะคำนวณจากเงินเดือนพื้นฐานหลังจากหักประกันสังคมและภาษีเท่านั้น,FAQ,salary_hero,overtime_policy,OT;ไม่รวม;เงินเดือนพื้นฐาน,ทำไม OT ไม่รวม?;โบนัสรวมในการคำนวณไหม?
การหักเงินประจำเดือนจะส่งผลต่อยอดเบิก,ประกันสังคมและภาษีหักจากยอดเบิกไหม,ประกันสังคม ภาษี และเงินหักประจำเดือนอื่นๆ จะถูกหักออกจากเงินเดือนก่อนที่จะคำนวณยอดที่สามารถเบิกได้ ดังนั้นยอดเบิกจะน้อยกว่าเงินเดือนเต็มจำนวน,FAQ,salary_hero,deductions,ประกันสังคม;ภาษี;หักก่อน,มีอะไรหักอีกบ้างนอกจากประกันสังคมและภาษี?;สามารถดูรายละเอียดการหักได้ไหม?
หากมีปัญหาเกี่ยวกับการโอนเงินต้องติดต่อแจ้ง,หากเงินไม่เข้าเกิน 24 ชั่วโมงต้องทำอย่างไร,หากดำเนินการตามขั้นตอนนี้แล้ว แต่ยังไม่เห็นยอดเงินเบิกขึ้น สามารถติดต่อแอดมินทันที พร้อมแจ้งรายละเอียด เพื่อให้ทีมงานตรวจสอบและแก้ไขปัญหาให้ค่ะ,FAQ,salary_hero,payment_issues,เกิน24ชั่วโมง;ติดต์อแอดมิน;รายละเอียด,แอดมินคือใคร?;ต้องเตรียมข้อมูลอะไรบ้างก่อนติดต่อ?
ระบบ Salary Hero มีข้อจำกัดเรื่องจำนวนเงินสูงสุดที่เบิกได้,"หากเงินเดือนเกิน 25,000 บาท เบิกได้เท่าไหร่","หากเงินเดือนสูงกว่า 25,000 บาท ก็ยังคงเบิกได้สูงสุดไม่เกิน 25,000 บาทต่อรอบค่าจ้าง เนื่องจากระบบกำหนดขีดจำกัดสูงสุดไว้ที่ 25,000 บาท ไม่ว่าเงินเดือนจะสูงแค่ไหน",FAQ,salary_hero,high_salary,เงินเดือนสูง;25000บาทสูงสุด;ขีดจำกัด,"ทำไมต้องจำกัดที่ 25,000 บาท?;มีแผนเพิ่มขีดจำกัดไหม?"
การนับวันทำงานจริงเป็นพื้นฐานในการคำนวณยอดเบิก,วันทำงานจริงคำนวณอย่างไร,วันทำงานจริงจะนับจากวันที่พนักงานบันทึกเข้าออกงานผ่านระบบที่บริษัทกำหนด ไม่รวมวันลาไม่ได้รับค่าจ้าง วันหยุด และวันที่ไม่ได้ทำงาน โดยต้องมีการบันทึกเวลาเข้า-ออกงานครบถ้วน,FAQ,salary_hero,working_days_calculation,วันทำงานจริง;บันทึกเข้าออก;ไม่รวมวันหยุด,หากลืมบันทึกเข้าออกวันหนึ่งจะนับไหม?;วันทำงานครึ่งวันนับเป็นกี่วัน?
พนักงานที่เพิ่งเริ่มงานต้องรอให้ครบตามเงื่อนไข,นับ 7 วันอายุงานจากวันไหน,นับ 7 วันอายุงานจากวันเริ่มงานวันแรก (วันที่เซ็นสัญญาหรือเริ่มปฏิบัติงานจริง) โดยนับรวมวันหยุดด้วย หากเริ่มงานวันจันทร์ จะสามารถใช้บริการได้ในวันจันทร์ของสัปดาห์ถัดไป,FAQ,salary_hero,probation_period,7วันแรก;วันเริ่มงาน;รวมวันหยุด,วันหยุดนับรวมใน 7 วันไหม?;หากเริ่มงานกลางสัปดาห์จะนับอย่างไร?
การผ่อนชำระเงินที่เบิกไม่สามารถทำได้,สามารถผ่อนชำระเงินที่เบิกได้ไหม,ไม่สามารถผ่อนชำระเงินที่เบิกได้ เงินที่เบิกจะต้องถูกหักจากเงินเดือนรอบถัดไปครบจำนวนทันที หากเงินเดือนไม่พอหักก็จะหักจากรอบถัดไปต่อไปเรื่อยๆ จนครบจำนวน,FAQ,salary_hero,no_installment,ไม่ผ่อนได้;หักครบจำนวน;รอบถัดไป,หากเงินเดือนไม่พอหักจะเป็นอย่างไร?;หากลาออกก่อนจ่ายคืนครบจะเป็นอย่างไร?
ดอกเบี้ยเป็นข้อกังวลของผู้ใช้บริการ,มีดอกเบี้ยในการเบิกไหม,ไม่มีดอกเบี้ยใดๆ ในการใช้บริการ Salary Hero เนื่องจากเป็นการเบิกเงินเดือนที่ทำงานไปแล้ว ไม่ใช่การกู้ยืมเงิน จึงไม่มีค่าใช้จ่ายเพิ่มเติม,FAQ,salary_hero,no_interest,ไม่มีดอกเบี้ย;ไม่ใช่กู้ยืม;ไม่มีค่าใช้จ่าย,มีค่าธรรมเนียมอื่นๆ ไหม?;ทำไมไม่มีดอกเบี้ย?
การติดต่อแอดมินเมื่อมีปัญหา,ติดต่อแอดมินอย่างไร,สามารถติดต่อแอดมินผ่านช่องทางที่บริษัทกำหนด เช่น แชทในแอปพลิเคชัน Line Official หรือช่องทางที่ฝ่ายบุคคลแจ้งไว้ โดยควรเตรียมข้อมูล 1.ชื่อ-สกุล 2.รหัสพนักงาน 3.ชื่อบริษัทที่สังกัด และรายละเอียดปัญหาให้ครบถ้วน,FAQ,salary_hero,contact_admin,ติดต่อแอดมิน;แชท;ข้อมูลครบถ้วน,มีเบอร์โทรติดต่อไหม?;แอดมินตอบเร็วแค่ไหน?
ระบบอาจมีการปรับปรุงหรือมีปัญหาชั่วคราว,ระบบขัดข้องทำอย่างไร,หากระบบขัดข้องหรือไม่สามารถเข้าใช้งานได้ ให้รอซักครู่แล้วลองใหม่ หากยังไม่ได้ให้ติดต่อแอดมินพร้อมแจ้งรายละเอียดปัญหา เวลาที่เกิดปัญหา และสิ่งที่เกิดขึ้นเพื่อให้ทีมงานแก้ไข,FAQ,salary_hero,system_error,ระบบขัดข้อง;รอซักครู่;ติดต่อแอดมิน,ระบบขัดข้องบ่อยไหม?;ใช้งานเวลาไหนไม่ขัดข้อง?
การเปลี่ยนแปลงข้อมูลส่วนตัวอาจส่งผลต่อการใช้งาน,เปลี่ยนชื่อ-สกุลแล้วใช้งานไม่ได้,หากมีการเปลี่ยนชื่อ-สกุลในระบบบริษัท ต้องแจ้งให้ฝ่ายบุคคลหรือผู้จัดการสาขาอัปเดตข้อมูลในระบบ Salary Hero ใหม่ และอาจต้องรอ 1-2 วันให้ข้อมูลอัปเดตเสร็จสิ้น,FAQ,salary_hero,name_change,เปลี่ยนชื่อ;อัปเดตข้อมูล;1-2วัน,เปลี่ยนบัญชีธนาคารต้องทำอย่างไร?;เปลี่ยนรหัสพนักงานจะส่งผลไหม?
การใช้งานครั้งแรกอาจต้องมีการตั้งค่า,ใช้งานครั้งแรกต้องทำอย่างไร,การใช้งานครั้งแรก ต้องดาวน์โหลดแอปพลิเคชันหรือเข้าเว็บไซต์ที่บริษัทกำหนด จากนั้นลงทะเบียนด้วยรหัสพนักงานและข้อมูลส่วนตัวตามที่ระบบร้องขอ หลังจากนั้นสามารถใช้งานแอปพลิเคชันได้,FAQ,salary_hero,first_time_use,ครั้งแรก;ดาวน์โหลด;ลงทะเบียน,ต้องดาวน์โหลดแอปหรือใช้เว็บได้เลย?;การยืนยันใช้เวลานานไหม?
การแก้ไขข้อมูลการบันทึกเวลาทำงาน,หากบันทึกเข้าออกงานผิดแก้ไขได้ไหม,หากบันทึกเข้าออกงานผิด ต้องประสานงานกับผู้จัดการสาขาหรือฝ่าย HR ให้ทำการแก้ไขในระบบบันทึกเวลาของบริษัท หลังจากแก้ไขแล้วยอดเงินจะอัปเดตภายใน 1-2 วัน,FAQ,salary_hero,time_correction,แก้ไขเวลา;ผู้จัดการ;HR,ใครมีสิทธิ์แก้ไขเวลาทำงาน?;แก้ไขย้อนหลังได้กี่วัน?
การทำงานล่วงเวลาและการคำนวณ,ทำ OT แล้วเงินเบิกเพิ่มไหม,การทำงานล่วงเวลา (OT) จะไม่ทำให้ยอดเงินที่เบิกได้เพิ่มขึ้น เนื่องจากระบบคำนวณจากเงินเดือนพื้นฐานเท่านั้น ไม่รวมค่าล่วงเวลา โบนัส หรือเงินพิเศษอื่นๆ,FAQ,salary_hero,overtime_no_effect,OT ไม่เพิ่ม;เงินเดือนพื้นฐาน;ไม่รวมโบนัส,ทำไม OT ไม่รวม?;โบนัสครึ่งปีรวมไหม?
ความปลอดภัยของข้อมูลและการใช้งาน,ข้อมูลส่วนตัวปลอดภัยไหม,ข้อมูลส่วนตัวของพนักงานจะถูกเก็บรักษาอย่างปลอดภัยตามมาตรฐานการรักษาความปลอดภัยข้อมูล และจะใช้เฉพาะเพื่อการให้บริการ Salary Hero เท่านั้น ไม่มีการนำไปใช้เพื่อวัตถุประสงค์อื่น,FAQ,salary_hero,data_security,ข้อมูลปลอดภัย;เก็บรักษา;ไม่นำไปใช้อื่น,ใครดูข้อมูลของฉันได้บ้าง?;ข้อมูลถูกเก็บไว้นานแค่ไหน?
การยกเลิกการใช้บริการ,ไม่ต้องการใช้บริการแล้วทำอย่างไร,หากไม่ต้องการใช้บริการ สามารถหยุดใช้ได้ตามต้องการ แต่หากมียอดเงินที่เบิกไว้แล้วยังต้องรอให้หักจากเงินเดือนครบจำนวนก่อน หลังจากนั้นสามารถแจ้งฝ่าย HR หรือผู้จัดการสาขาเพื่อปิดการใช้งาน,FAQ,salary_hero,service_cancellation,ยกเลิกบริการ;หักครบจำนวน;แจ้ง HR,ปิดบริการแล้วเปิดใหม่ได้ไหม?;มีค่าปิดบริการไหม?
ขีดจำกัดการใช้งานรายวัน,มีขีดจำกัดการเบิกต่อวันไหม,ไม่มีขีดจำกัดจำนวนเงินที่เบิกต่อวัน แต่มีขีดจำกัดจำนวนครั้งที่ 5 ครั้งต่อเดือน และต้องเบิกขั้นต่ำ 500 บาทต่อครั้ง สูงสุดไม่เกิน 50% ของยอดค่าจ้างสะสมที่มีอยู่,FAQ,salary_hero,daily_limit,ไม่จำกัดต่อวัน;5ครั้งต่อเดือน;500บาทขั้นต่ำ,สามารถเบิกวันละหลายครั้งได้ไหม?;เบิกติดต่อกันหลายวันได้ไหม?
การเปลี่ยนรอบเงินเดือน,หากบริษัทเปลี่ยนรอบเงินเดือนจะเป็นอย่างไร,หากบริษัทเปลี่ยนรอบเงินเดือน ฝ่าย HR ต้องแจ้งให้ทาง Salary Hero ทราบเพื่ือปรับปรุงระบบ และพนักงานอาจต้องรอ 1-2 วันให้ข้อมูลใหม่อัปเดตเข้าระบบก่อนใช้งาน,FAQ,salary_hero,payroll_change,เปลี่ยนรอบ;แจ้ง HR;1-2วัน,ในช่วงเปลี่ยนรอบสามารถเบิกได้ไหม?;ข้อมูลเก่าจะหายไหม?
การทำงานในวันหยุดพิเศษ,ทำงานวันหยุดนักขัตฤกษ์ได้เงินเบิกไหม,หากทำงานในวันหยุดนักขัตฤกษ์และได้รับค่าจ้าง ยอดเงินที่เบิกได้จะเพิ่มขึ้นตามปกติ แต่หากเป็นการทำงานล่วงเวลาพิเศษที่ไม่ใช่เงินเดือนพื้นฐาน ก็จะไม่รวมในการคำนวณ,FAQ,salary_hero,holiday_work,วันหยุดนักขัตฤกษ์;ได้ค่าจ้าง;เพิ่มตามปกติ,วันหยุดชดเชยนับไหม?;ค่าแรงพิเศษวันหยุดรวมไหม?
การดาวน์โหลดแอปพลิเคชันเป็นขั้นตอนแรกในการใช้งาน Salary Hero,ดาวน์โหลดแอป Salary Hero ที่ไหน,"พนักงานสามารถดาวน์โหลดแอปพลิเคชัน Salary Hero ได้ดังนี้:
สำหรับผู้ใช้งาน Android: https://shorturl.at/hltS8
สำหรับผู้ใช้งาน iOS: https://shorturl.at/aEMPW
หลังจากดาวน์โหลดแล้วให้ลงทะเบียนด้วยรหัสพนักงานและข้อมูลส่วนตัวตามที่ระบบร้องขอ",FAQ,salary_hero,app_download,ดาวน์โหลดแอป;Android;iOS;ลงทะเบียน,แอปใช้งานฟรีไหม?;ต้องอัปเดตแอปบ่อยไหม?;ลงทะเบียนใช้เอกสารอะไรบ้าง?
การดาวน์โหลดแอปมีให้เลือกทั้งระบบ Android และ iOS,มีแอปสำหรับ iPhone ไหม,มีแอปพลิเคชัน Salary Hero สำหรับ iPhone (iOS) โดยสามารถดาวน์โหลดได้ที่ลิงก์: https://shorturl.at/aEMPW หรือค้นหาชื่อ Salary Hero ใน App Store ได้เลย,FAQ,salary_hero,ios_app,iPhone;iOS;App Store,แอป iPhone ใช้งานเหมือน Android ไหม?;ต้องเป็น iOS เวอร์ชันไหนขึ้นไป?
การดาวน์โหลดแอปมีให้เลือกทั้งระบบ Android และ iOS,มีแอปสำหรับ Android ไหม,มีแอปพลิเคชัน Salary Hero สำหรับ Android โดยสามารถดาวน์โหลดได้ที่ลิงก์: https://shorturl.at/hltS8 หรือค้นหาชื่อ Salary Hero ใน Google Play Store ได้เลย,FAQ,salary_hero,android_app,Android;Google Play Store,แอป Android ใช้งานฟรีไหม?;ต้องเป็น Android เวอร์ชันไหนขึ้นไป?
การใช้งานแอปพลิเคชันเป็นวิธีหลักในการเข้าถึงบริการ,ใช้เว็บไซต์แทนแอปได้ไหม,ไม่สามารถใช้งานผ่านเว็บไซต์ได้ ต้องดาวน์โหลดแอปพลิเคชัน Salary Hero เท่านั้น เพื่อความปลอดภัยและประสิทธิภาพในการใช้งานที่ดีที่สุด,FAQ,salary_hero,web_vs_app,เว็บไซต์ไม่ได้;แอปเท่านั้น;ความปลอดภัย,ทำไมต้องใช้แอปเท่านั้น?;แอปมีข้อดีอะไรบ้าง?
การลงทะเบียนครั้งแรกต้องใช้ข้อมูลจากบริษัท,ลงทะเบียนใช้เอกสารอะไรบ้าง,การลงทะเบียนใช้ข้อมูลดังนี้: 1.รหัสพนักงาน 2.ชื่อ-สกุล (ตรงกับที่บริษัทลงทะเบียนไว้) 3.เบอร์โทรศัพท์ โดยไม่ต้องใช้เอกสารแนบ แต่ข้อมูลต้องตรงกับที่บริษัทส่งให้ Salary Hero,FAQ,salary_hero,registration_docs,รหัสพนักงาน;ชื่อสกุล;เบอร์โทร;ไม่ต้องแนบเอกสาร,หากข้อมูลไม่ตรง 
แอปพลิเคชันมีการอัปเดตเป็นระยะเพื่อปรับปรุงประสิทธิภาพ,ต้องอัปเดตแอปบ่อยไหม,แอป Salary Hero มีการอัปเดตเป็นระยะเพื่อปรับปรุงระบบและเพิ่มฟีเจอร์ใหม่ แนะนำให้เปิด Auto Update หรือตรวจสอบการอัปเดตใน App Store/Play Store เป็นประจำเพื่อให้ใช้งานได้อย่างมีประสิทธิภาพ,FAQ,salary_hero,app_updates,อัปเดตแอป;Auto Update;ประสิทธิภาพ,หากไม่อัปเดตแอปจะใช้งานไม่ได้ไหม?;การอัปเดตจะลบข้อมูลเก่าไหม?
แอปพลิเคชันให้บริการฟรีสำหรับพนักงาน,แอปใช้งานฟรีไหม,แอปพลิเคชัน Salary Hero ใช้งานฟรี 100% สำหรับพนักงาน ไม่มีค่าใช้จ่ายใดๆ ทั้งการดาวน์โหลด การลงทะเบียน และการใช้งาน เนื่องจากบริษัทเป็นผู้จ่ายค่าบริการให้,FAQ,salary_hero,free_app,ฟรี 100%;ไม่มีค่าใช้จ่าย;บริษัทจ่าย,มีค่าใช้จ่ายซ่อนไหม?;บริษัทจ่ายค่าบริการเท่าไหร่?
การค้นหาแอปใน Store อาจทำได้หลายวิธี,ค้นหาแอปใน App Store ด้วยคำว่าอะไร,ค้นหาใน App Store หรือ Google Play Store ด้วยคำว่า 'Salary Hero' ก็สามารถพบแอปได้ หรือใช้ลิงก์โดยตรงที่บริษัทแจ้งให้เพื่อความแน่ใจ,FAQ,salary_hero,app_search,Salary Hero;ค้นหา;ลิงก์โดยตรง,หากค้นหาแล้วไม่เจอต้องทำอย่างไร?;มีแอปปลอมไหม?
การเปลี่ยนเบอร์โทรศัพท์สามารถทำได้ 2 วิธีขึ้นอยู่กับสถานะการใช้งาน,เปลี่ยนเบอร์ใหม่,"การเปลี่ยนเบอร์ทำได้ 2 แบบ แบ่งตามกรณีดังนี้:

**กรณีที่ 1: เข้าสู่ระบบอยู่แล้ว**
1. ไปที่หน้าแรกของแอป กดปุ่มเพิ่มเติมมุมขวาล่าง
2. เลือกการตั้งค่า
3. เลือก เปลี่ยนเบอร์โทรศัพท์
4. เลือกวิธียืนยันตัวตน
5. กรอกเบอร์โทรศัพท์ใหม่ของคุณและกดส่งรหัส OTP
6. กรอกรหัส OTP เพื่อยืนยันเบอร์โทรศัพท์ จากนั้นกดต่อไป

**กรณีที่ 2: เข้าสู่ระบบไม่ได้**
1. กดปุ่ม เข้าสู่ระบบ
2. กดปุ่มแก้ไข
3. พิมพ์ค้นหาบริษัทของคุณ
4. กรอก รหัสพนักงานและเลขประจำตัวประชาชนจากนั้นกดปุ่ม ต่อไป
5. กรอกเบอร์โทรศัพท์ใหม่ตามด้วยรหัส OTP และกดปุ่มเข้าสู่ระบบ",FAQ,salary_hero,phone_change,เปลี่ยนเบอร์;OTP;ยืนยันตัวตน;เข้าสู่ระบบ,OTP ไม่มาต้องทำอย่างไร?;เปลี่ยนเบอร์ได้กี่ครั้ง?;ใช้เบอร์เก่าเข้าระบบไม่ได้แล้วใช่ไหม?
การเปลี่ยนเบอร์โทรศัพท์สำหรับผู้ที่เข้าสู่ระบบอยู่แล้ว,เปลี่ยนเบอร์ในแอปอย่างไร,"หากพนักงานเข้าสู่ระบบอยู่แล้ว สามารถเปลี่ยนเบอร์ในแอปพลิเคชัน Salary Hero ได้ดังนี้:
1. ไปที่หน้าแรกของแอป กดปุ่มเพิ่มเติมมุมขวาล่าง
2. เลือกการตั้งค่า
3. เลือก เปลี่ยนเบอร์โทรศัพท์
4. เลือกวิธียืนยันตัวตน
5. กรอกเบอร์โทรศัพท์ใหม่ของคุณและกดส่งรหัส OTP
6. กรอกรหัส OTP เพื่อยืนยันเบอร์โทรศัพท์ จากนั้นกดต่อไป",FAQ,salary_hero,phone_change_logged_in,การตั้งค่า;เพิ่มเติม;OTP;ยืนยันตัวตน,ปุ่มเพิ่มเติมอยู่ตรงไหน?;วิธียืนยันตัวตนมีอะไรบ้าง?
รหัส OTP เป็นส่วนสำคัญในการยืนยันเบอร์โทรศัพท์ใหม่,OTP ไม่มาต้องทำอย่างไร,"หาก OTP ไม่มา ให้ตรวจสอบดังนี้:
1. ตรวจสอบว่าเบอร์โทรที่กรอกถูกต้องหรือไม่
2. ตรวจสอบสัญญาณโทรศัพท์ให้แน่ใจว่าสามารถรับ SMS ได้
3. รอสักครู่ เนื่องจาก SMS อาจล่าช้า
4. กดขอรหัส OTP ใหม่ หากรอเกิน 5 นาที
5. หากยังไม่ได้รับ ให้ติดต่อแอดมินพร้อมแจ้งเบอร์โทรที่ใช้",FAQ,salary_hero,otp_issues,OTP ไม่มา;ตรวจสอบเบอร์;สัญญาณ;5นาที,OTP มาช้าเป็นปกติไหม?;สามารถขอ OTP ใหม่ได้กี่ครั้ง?
การยืนยันตัวตนมีหลายวิธีให้เลือก,วิธียืนยันตัวตนมีอะไรบ้าง,"วิธียืนยันตัวตนในการเปลี่ยนเบอร์มีดังนี้:
1. รหัส OTP ผ่าน SMS (วิธีหลัก)
2. การยืนยันผ่านอีเมลที่ลงทะเบียนไว้ (หากมี)
3. การยืนยันด้วยรหัสพนักงานและเลขประจำตัวประชาชน
ระบบจะให้เลือกวิธีที่สะดวกที่สุดสำหรับแต่ละบุคคล",FAQ,salary_hero,identity_verification,ยืนยันตัวตน;SMS;อีเมล;รหัสพนักงาน,หากไม่มีอีเมลใช้วิธีไหนได้บ้าง?;วิธีไหนปลอดภัยที่สุด?
การเปลี่ยนเบอร์มีข้อจำกัดเพื่อความปลอดภัย,เปลี่ยนเบอร์ได้กี่ครั้ง,สามารถเปลี่ยนเบอร์ได้ แต่ควรเปลี่ยนเมื่อจำเป็นเท่านั้น เนื่องจากระบบมีการจำกัดจำนวนครั้งเพื่อความปลอดภัย หากต้องเปลี่ยนบ่อยเกินไปอาจต้องติดต่อแอดมินเพื่อยืนยันตัวตนเพิ่มเติม,FAQ,salary_hero,phone_change_limit,จำกัดครั้ง;ความปลอดภัย;ติดต่อแอดมิน,เปลี่ยนเบอร์เกิน 3 ครั้งจะเป็นอย่างไร?;ระบบจะล็อคบัญชีไหม?
หลังเปลี่ยนเบอร์แล้วเบอร์เก่าจะไม่สามารถใช้งานได้,ใช้เบอร์เก่าเข้าระบบไม่ได้แล้วใช่ไหม,ถูกต้องค่ะ หลังจากเปลี่ยนเบอร์โทรศัพท์ใหม่เรียบร้อยแล้ว เบอร์เก่าจะไม่สามารถใช้เข้าสู่ระบบได้อีก ต้องใช้เบอร์ใหม่ที่เพิ่งอัปเดตเท่านั้น และ OTP จะถูกส่งไปยังเบอร์ใหม่,FAQ,salary_hero,old_phone_inactive,เบอร์เก่าใช้ไม่ได้;เบอร์ใหม่;OTP ส่งเบอร์ใหม่,หากลืมเบอร์ใหม่ที่เปลี่ยนต้องทำอย่างไร?;สามารถเปลี่ยนกลับเป็นเบอร์เก่าได้ไหม?
การค้นหาบริษัทในระบบต้องใช้ชื่อที่ถูกต้อง,ค้นหาบริษัทไม่เจอ,"หากค้นหาบริษัทไม่เจอ ให้ลองดังนี้:
1. พิมพ์ชื่อบริษัทให้ถูกต้องและครบถ้วน
2. ลองใช้ชื่อย่อหรือชื่อเต็มของบริษัท
3. ตรวจสอบการสะกดให้ถูกต้อง (ภาษาไทยหรือภาษาอังกฤษ)
4. หากยังไม่เจอ ให้ติดต่อฝ่าย HR หรือผู้จัดการสาขาเพื่อยืนยันชื่อบริษัทที่ลงทะเบียนไว้กับ Salary Hero",FAQ,salary_hero,company_search,ค้นหาบริษัท;ชื่อถูกต้อง;HR;ชื่อย่อ,บริษัทยังไม่ร่วมโครงการจะเป็นอย่างไร?;ชื่อในระบบต่างจากป้ายบริษัทได้ไหม?
บัญชีรับเงินใน Salary Hero จะเป็นบัญชีเดียวกับที่ได้รับเงินเดือนปกติ,ขอเปลี่ยนบัญชีรับเงิน,ในส่วนของเลขที่บัญชีนั้นจะเป็นบัญชีรับเงินเดือนของพนักงานที่ทางฝ่ายบุคคลบริษัทจัดเตรียมมาให้ค่ะ หากต้องการเปลี่ยนแปลงเลขบัญชี รบกวนติดต่อทางฝ่ายบุคคลบริษัทของพนักงานค่ะ,FAQ,salary_hero,account_change,เปลี่ยนบัญชี;ฝ่ายบุคคล;บัญชีเงินเดือน,ทำไมต้องผ่านฝ่ายบุคคล?;สามารถใช้บัญชีธนาคารอื่นได้ไหม?;เปลี่ยนบัญชีใช้เวลานานไหม?
การเปลี่ยนบัญชีรับเงินต้องผ่านฝ่ายบุคคลของบริษัท,ทำไมไม่สามารถเปลี่ยนบัญชีในแอปได้,เนื่องจากบัญชีรับเงิน Salary Hero ต้องเป็นบัญชีเดียวกันกับที่บริษัทจ่ายเงินเดือนให้ เพื่อความปลอดภัยและการตรวจสอบ จึงต้องให้ฝ่ายบุคคลเป็นผู้ดำเนินการเปลี่ยนแปลงข้อมูลบัญชีในระบบทั้งค่าจ้างปกติและ Salary Hero พร้อมกัน,FAQ,salary_hero,account_policy,ความปลอดภัย;บัญชีเดียวกัน;ตรวจสอบ,หากฝ่ายบุคคลไม่ช่วยเปลี่ยนจะทำอย่างไร?;บัญชีต้องเป็นชื่อเดียวกันกับพนักงานไหม?
การเปลี่ยนบัญชีมีข้อกำหนดและขั้นตอนที่ต้องปฏิบัติตาม,เปลี่ยนบัญชีใช้เวลานานไหม,การเปลี่ยนบัญชีใช้เวลาประมาณ 3-5 วันทำการ หลังจากที่ฝ่ายบุคคลดำเนินการแล้ว เนื่องจากต้องอัปเดตข้อมูลในระบบทั้งการจ่ายเงินเดือนและ Salary Hero และรอให้ข้อมูลซิงค์เข้าระบบให้เรียบร้อย,FAQ,salary_hero,account_change_time,3-5วันทำการ;อัปเดตระบบ;ซิงค์ข้อมูล,ระหว่างเปลี่ยนบัญชีใช้บริการได้ไหม?;หากเร่งด่วนทำเร็วกว่านี้ได้ไหม?
บัญชีธนาคารที่ใช้มีข้อกำหนดเฉพาะ,สามารถใช้บัญชีธนาคารอื่นได้ไหม,บัญชีที่ใช้กับ Salary Hero ต้องเป็นบัญชีเดียวกันกับที่บริษัทจ่ายเงินเดือนให้เท่านั้น ไม่สามารถใช้บัญชีส่วนตัวอื่นหรือบัญชีธนาคารอื่นที่ไม่ใช่บัญชีเงินเดือนได้ เพื่อความปลอดภัยและการตรวจสอบยอดเงิน,FAQ,salary_hero,account_restriction,บัญชีเดียวกัน;ไม่ใช้บัญชีอื่น;ความปลอดภัย,ทำไมต้องเป็นบัญชีเดียวกัน?;หากอยากแยกบัญชีจะทำอย่างไร?
ระหว่างการเปลี่ยนบัญชีอาจส่งผลต่อการใช้บริการ,ระหว่างเปลี่ยนบัญชีใช้บริการได้ไหม,ระหว่างที่ฝ่ายบุคคลดำเนินการเปลี่ยนบัญชี แนะนำให้หยุดใช้บริการชั่วคราวเพื่อหลีกเลี่ยงปัญหาการโอนเงินไปบัญชีเก่าหรือบัญชีที่ไม่ถูกต้อง รอจนกว่าฝ่ายบุคคลจะแจ้งว่าการเปลี่ยนแปลงเสร็จเรียบร้อย,FAQ,salary_hero,service_during_change,หยุดใช้ชั่วคราว;หลีกเลี่ยงปัญหา;รอแจ้ง,หากเบิกระหว่างเปลี่ยนบัญชีจะเป็นอย่างไร?;เงินจะเข้าบัญชีไหน?
การติดต่อฝ่ายบุคคลเพื่อเปลี่ยนบัญชี,ติดต่อฝ่ายบุคคลเพื่อเปลี่ยนบัญชีอย่างไร,"ในการติดต่อฝ่ายบุคคลเพื่อเปลี่ยนบัญชี ควรเตรียมข้อมูลดังนี้:
1. ชื่อ-สกุล และรหัสพนักงาน
2. เลขบัญชีเก่าที่ใช้อยู่
3. เลขบัญชีใหม่ที่ต้องการเปลี่ยน (พร้อมชื่อธนาคาร)
4. สำเนาหน้าสมุดบัญชีหรือเอกสารยืนยันบัญชีใหม่
และระบุว่าต้องการเปลี่ยนทั้งเงินเดือนและ Salary Hero",FAQ,salary_hero,hr_contact_process,เตรียมข้อมูล;เลขบัญชีใหม่;สำเนาสมุดบัญชี,ต้องใช้เอกสารอะไรบ้าง?;หากไม่มีสมุดบัญชีใช้อะไรแทนได้?
บัญชีต้องเป็นของพนักงานคนเดียวกัน,บัญชีต้องเป็นชื่อเดียวกันกับพนักงานไหม,ใช่ค่ะ บัญชีต้องเป็นชื่อเดียวกันกับพนักงานที่ลงทะเบียนกับบริษัท ไม่สามารถใช้บัญชีของครอบครัว คู่สมรส หรือบุคคลอื่นได้ เพื่อความปลอดภัยและป้องกันการฉ้อโกง รวมถึงการตรวจสอบตัวตนที่ถูกต้อง,FAQ,salary_hero,account_ownership,ชื่อเดียวกัน;ไม่ใช้บัญชีคนอื่น;ป้องกันฉ้อโกง,หากชื่อในบัญชีต่างจากทะเบียนบ้านจะทำอย่างไร?;บัญชีร่วมใช้ได้ไหม?
การเปลี่ยนบัญชีมีผลต่อการรับเงินครั้งต่อไป,หลังเปลี่ยนบัญชีแล้วเงินจะเข้าบัญชีใหม่เลยไหม,หลังจากฝ่ายบุคคลดำเนินการเปลี่ยนบัญชีเรียบร้อยและแจ้งให้ทราบแล้ว การเบิกเงินครั้งต่อไปจะเข้าบัญชีใหม่โดยอัตโนมัติ แต่ควรทดสอบด้วยการเบิกจำนวนเล็กน้อยก่อนเพื่อยืนยันว่าเงินเข้าบัญชีใหม่ถูกต้อง,FAQ,salary_hero,new_account_effect,เข้าบัญชีใหม่;ทดสอบก่อน;ยืนยันถูกต้อง,ควรทดสอบด้วยเงินเท่าไหร่?;หากเงินเข้าบัญชีเก่าต้องทำอย่างไร?
เอกสารยืนยันบัญชีใหม่มีหลายประเภท,หากไม่มีสมุดบัญชีใช้อะไรแทนได้,"หากไม่มีสมุดบัญชี สามารถใช้เอกสารดังนี้แทนได้:
1. สลิปหรือใบแจ้งยอดจากธนาคาร
2. หน้าจอแอปธนาคารที่แสดงเลขบัญชีและชื่อเจ้าของบัญชี
3. เอกสารเปิดบัญชีจากธนาคาร
4. บัตร ATM ที่มีเลขบัญชี (บางธนาคาร)
โดยเอกสารต้องแสดงเลขบัญชีและชื่อเจ้าของบัญชีให้ชัดเจน",FAQ,salary_hero,account_documents,สลิปธนาคาร;แอปธนาคาร;เอกสารเปิดบัญชี;บัตร ATM,เอกสารต้องเป็นฉบับจริงหรือถ่ายสำเนาก็ได้?;แอปธนาคารต้องแคปหน้าจอไหน?
หากยอดเงินแสดงผล 0 บาท ให้ตรวจสอบขั้นตอนต่างๆ,แสดงผล 0 ยอดเงิน 0 บาท,หากยอดเงินเป็น 0 เบื้องต้นรบกวนพนักงานตรวจสอบดังนี้ค่ะ 1.ผู้จัดการสาขาต้องดำเนินการตั้งกะพนักงานให้เรียบร้อย และนำขึ้นออนไลน์บนระบบ 2. ต้องมีการลงบันทึกเข้าออกงาน (ที่เครื่องบันทึกประจำสาขาหรือออนไลน์) และรอข้อมูลวันทำงานอัปเดตมายังระบบย้อนหลัง1-2วันค่ะ,FAQ,salary_hero,zero_balance,ยอด 0;ตั้งกะ;บันทึกเข้าออก;1-2วัน,ผู้จัดการสาขายังไม่ตั้งกะต้องทำอย่างไร?;รอข้อมูลอัปเดตนานแค่ไหน?;ทำไมยอดเป็น 0?
ยอดเงินที่เบิกได้แสดง 0 บาท สาเหตุและการแก้ไข,ยอด 0บาท เบิกไม่ได้ต้องทำยังไง,หากยอด 0 บาท เบิกไม่ได้ มีสาเหตุหลักดังนี้ค่ะ: 1.ยังไม่มีการตั้งกะงานจากผู้จัดการสาขา 2.ยังไม่ได้บันทึกเข้าออกงานหรือบันทึกไม่ครบ 3.อายุงานยังไม่ครบ 7 วัน 4.ข้อมูลยังไม่อัปเดตเข้าระบบ แนะนำให้ตรวจสอบตามลำดับและรอข้อมูลอัปเดต 1-2 วัน หากยังไม่ได้ให้ติดต่อแอดมินค่ะ,FAQ,salary_hero,zero_balance_cannot_withdraw,ยอด 0บาท;เบิกไม่ได้;ตั้งกะ;บันทึกเข้าออก;อายุงาน;7วัน,อายุงานครบ 7 วันยังเบิกไม่ได้ทำไม?;ข้อมูลอัปเดตช้าเป็นปกติไหม?
เมื่อยอดเงินแสดง 0 และไม่สามารถเบิกได้,เงินเบิก 0 บาท ทำไมเบิกไม่ได้,เมื่อเงินเบิกแสดง 0 บาท แสดงว่ายังไม่มียอดที่สามารถเบิกได้ในขณะนี้ค่ะ กรุณาตรวจสอบ: 1.ผู้จัดการสาขาตั้งกะงานให้แล้วหรือยัง 2.ได้บันทึกเข้าออกงานครบถ้วนหรือไม่ 3.มีอายุงานครบ 7 วันแล้วหรือยัง 4.รอให้ข้อมูลอัปเดตเข้าระบบ 1-2 วันทำการ หากครบเงื่อนไขทั้งหมดแล้วยังเป็น 0 ให้ติดต่อแอดมินตรวจสอบเพิ่มเติมค่ะ,FAQ,salary_hero,zero_amount_issue,เงินเบิก 0;ไม่สามารถเบิก;ตรวจสอบเงื่อนไข,หากครบเงื่อนไขแล้วยังเป็น 0 เป็นปัญหาระบบไหม?;ติดต่อแอดมินอย่างไร?
การยกเลิกรายการเบิกเงินและข้อกำหนด,ขอเบิกเงินภายใน 24 ชั่วโมง ขอเบิกเงินแบบด่วน ขอเบิกเงินแบบทันที สามารถยกเลิกได้ไหม,ขอเบิกเงินภายใน 24 ชั่วโมง ขอเบิกเงินแบบด่วน ขอเบิกเงินแบบทันที สามารถยกเลิกได้ไหม การขอเบิกเงินภายใน 24 ชั่วโมง หรือขอเบิกเงินแบบด่วน ขอเบิกเงินแบบทันที สามารถยกเลิกได้และไม่มีค่าธรรมเนียม โดยสามารถทำที่แอปพลิเคชันได้เลย ถ้าเงินยังไม่ถูกโอนเข้าบัญชีลูกค้า แต่ถ้าเงินเข้าบัญชีลูกค้าแล้วจะไม่สามารถยกเลิกได้ค่ะ,FAQ,salary_hero,withdrawal_cancellation,ขอเบิกเงิน;ยกเลิก;24ชั่วโมง;ด่วน;ทันที;ไม่มีค่าธรรมเนียม,หากเงินเข้าบัญชีแล้วต้องการยกเลิกจะเป็นอย่างไร?;วิธีการยกเลิกรายการเบิกเงินทำอย่างไร?
พนักงานใหม่พยายามลงทะเบียนใช้งานแอป Salary Hero แต่ไม่สามารถลงทะเบียนได้,ลงทะเบียนไม่ได้,รบกวนพนักงานตรวจสอบว่ามีอายุงานครบ 7 วันแล้วหรือยังค่ะ หากครบแล้วแต่ยังลงทะเบียนไม่ได้ กรุณาแจ้งแอดมินให้ทราบข้อมูลเพิ่มเติม,FAQ,salary_hero,registration_failed,ลงทะเบียน;อายุงาน;7วัน;แอดมิน;พนักงานใหม่,อายุงานต้องครบกี่วันถึงจะลงทะเบียนได้?;ติดต่อแอดมินได้ที่ไหน?;ข้อมูลอะไรบ้างที่ต้องใช้ในการลงทะเบียน?
พนักงานที่ลงทะเบียนแล้วแต่ไม่สามารถเข้าสู่ระบบได้,เข้าสู่ระบบไม่ได้,กรุณาตรวจสอบเบอร์โทรและรหัสผ่านให้ถูกต้อง หากยังเข้าไม่ได้ อาจเป็นเพราะมีปัญหาทางเทคนิค รบกวนแจ้งแอดมินเพื่อตรวจสอบสถานะบัญชี,FAQ,salary_hero,login_failed,เข้าสู่ระบบ;รหัสผ่าน;เบอร์โทร;อนุมัติ;แอดมิน;สถานะบัญชี,วิธีรีเซ็ตรหัสผ่านทำอย่างไร?;บัญชีจะได้รับการอนุมัติเมื่อไหร่?;สามารถเปลี่ยนเบอร์โทรได้ไหม?